"_______ such as bitcoin are becoming increasingly mainstream and have a whole host of associated ethical implications, for example, they are______ and more ______. However, they have also been used to engage in _______.","Cryptocurrencies, Expensive, Secure, Financial Crime","Traditional currency, Cheap, Unsecure, Charitable giving","Cryptocurrencies, Cheap, Secure, Financial crime","Traditional currency, Expensive, Unsecure, Charitable giving",C,ori_mmlu-business_ethics
"Typical advertising regulatory bodies suggest, for example that adverts must not: encourage _________, cause unnecessary ________ or _____, and must not cause _______ offence.","Unsafe practices, Wants, Fear, Trivial","Unsafe practices, Distress, Fear, Serious","Safe practices, Wants, Jealousy, Trivial","Safe practices, Distress, Jealousy, Serious",B,ori_mmlu-business_ethics
"______ are the obligations of workers towards their employer, based on individual contracts and wider employment laws.",Employee rights,Employee rights,Employer duties,Employee duties,D,ori_mmlu-business_ethics
" ______ is an employee's preferred ratio between work-related and non-work-related activities which, due to intensification of work and technological shifts, has become a hotly contested issue in recent years.",Presenteeism,Absenteeism,Work-play balance,Work-life balance,D,ori_mmlu-business_ethics
" _______ can be a likened to their natural counterparts, comprising of a balanced network of interdependent organisms and their environments thus adding value to sustainability thinking due to the consideration of companies and industries as being bound together, and interdependent due to all kinds of resources and wastes.",Industrial supply loops,Industrial ecosystems,Ecological ecosystems,Corporate ecosystems,B,ori_mmlu-business_ethics
Although corporate profit maximization is not directly prescribed by major normative theories to which normative theory is it most similar?,hedonistic utilitarianism,preference utilitarianism,The Categorical Imperative,ethics of care,B,ori_mmlu-business_ethics
"______ regulation goes further than the ______ that CSOs have with businesses, as it also concerns _______of such processes.","Legal, Interactions, Mechanics","Civil, Relations, Outcomes","Political, Interactions, Outcomes","Environmental, Relations, Mechanics",B,ori_mmlu-business_ethics
"_______ working practices refer to working patterns which involve temporal, spatial and task related fluidity.",Dynamic,Fluid,Flexible,Modern,C,ori_mmlu-business_ethics
"A corporation is ________ from its managers, employees, investors and customers. It therefore has _______ succession and also ________.","Indistinguishable, Perpetual, Does not own its own assets","Independent, Limited, Owns its own assets","Independent, Perpetual, Owns its own assets","Indistinguishable, Perpetual, Owns its own assets",C,ori_mmlu-business_ethics
"The UK Public Services (Social Value) Act 2013 requires those procuring ______ to consider how they can secure wider _____, _____and _____ benefits.","Private services, social, economic and environmental","Public services, social, cultural and environmental","Private services, cultural, economic and environmental","Public services, social, economic and environmental",D,ori_mmlu-business_ethics
What are the three differing types of stakeholder theory according to Donaldson and Preston (1995)?,"Normative, Descriptive and Economic","Normative, Moral and Instrumental","Political, Descriptive and Instrumental","Normative, Descriptive and Instrumental",D,ori_mmlu-business_ethics
The Anglo-American model being considered the best model in light of the recession in the late 2000s.,"1,2,3","1,3,4","2,3,4","1,2,3,4",A,ori_mmlu-business_ethics
"_______ economy is the term used to describe individuals being hired for a specific task rather than on a long-term basis. While this results in _________ which is beneficial for businesses, issues for those employed in such a manner relate to increased ________, uncertainty and a lack of _______.","Gig, Flexibility, Risk, Social welfare structures","Sharing, Risk, Flexibility, Autonomy","Gig, Risk, Flexibility, Autonomy","Sharing, Flexibility, Risk, Social welfare structures",A,ori_mmlu-business_ethics
_______ theory can be described as a code of conduct to which all rational beings should adhere. This contrasts with ________ morality which is the code of conduct adopted by a particular group or society.,"Descriptive, Normative","Normative, Instrumental","Normative, Descriptive","Ethical, Descriptive",C,ori_mmlu-business_ethics
"___________, ___________ and __________ are all factors which can impact the moral intensity","Social consensus, Temporal immediacy, Proximity","Proximity, Social dissensus, Futility of effect","Proximity, Temporal immediacy, Social dissensus","Social dissensus, Cultural immediacy, Proximity",A,ori_mmlu-business_ethics
"The so-called BRIC countries (Brazil, Russia, India and _______) tend to follow a __________ approach to corporate governance. However, recently this has tended to move towards more _______-based mechanisms.","Canada, Market, Relationship","China, Market, Relationship","Canada, Relationship, Market","China, Relationship, Market",D,ori_mmlu-business_ethics
"In order to try and align the interest of shareholders and senior management of a company, _________ are often made available to _______ of a company, to ensure that it is in their interests to increase _______ and dividend performance.","Share options, Senior managers, Share Price","Share options, All employees, Share Price","Non-financial remunerations, Senior managers, Employee Satisfaction","Non-financial remunerations, All employees, Employee Satisfaction",A,ori_mmlu-business_ethics
Predatory pricing.,"1,2,4","1,2,3,4","1,2","1,4",D,ori_mmlu-business_ethics
"There are a number of means by which can influence _______. These include _________to decision maker, varying from very direct modes to indirect modes, _________, being either public or private and ________ of communication.","Government, Avenue of approach, Breadth of transmission, Content","Consumers, Avenue of approach, Height of transmission, Content","Government, Breath of transmission, Avenue of approach, Content","Employees, Breadth of transmission, Content, Avenue of approach",A,ori_mmlu-business_ethics
Pick the correct description of the following term: Utilitarianism is…,A theory which states that an action is morally incorrect if it promotes the greatest good for the greatest number,A theory which states that an action is morally right if it promotes the greatest good for the decision maker,A theory which states that an action is morally right if it promotes the greatest good for the smallest number,A theory which states that an action is morally right if it promotes the greatest good for the greatest number,D,ori_mmlu-business_ethics
"Cognitive ______ models such as the Theory of _________ serve to try and explain consumer behaviour, but arguably somewhat oversimplify and overestimate individual ________.","Decision, Market equilibrium, Rationality","Attitudinal, Planned Behaviour, Social pressures","Decision, Planned behaviour, Rationality","Attitudinal, Market equilibrium, Social pressures",C,ori_mmlu-business_ethics
"____________ refers to a strategic process involving stakeholder assessment to create long-term relationships with customers, while maintaining, supporting, and enhancing the natural environment.",Eco-strategy,Green Marketing,Superfund reauthorization,Recycle and reprocess management,B,ori_mmlu-business_ethics
Demand reduction.,"1,3,4","2,3,4","1,2,3","1,2,4",D,ori_mmlu-business_ethics
" Although the benefit and contribution of civil society in encouraging sustainability, lobbying on important issues and helping the needy are taken for granted in many places, in many other countries, such as _____ and ______ civil society is far less developed than in, for instance, _______.","Russia, China, Britain","Norway, China, Russia","Britain, United States, Australia","Canada, Russia, United States",A,ori_mmlu-business_ethics
"The enforcement of company privacy is complex as corporations are somewhat __________, as there are few clear barriers to define their limits, it is difficult to _________ due to the number of individuals involved and much corporate activity takes place in ________.","Boundaryless, Control information, Private spaces","Public spaces, Maintain individual privacy, Private spaces","Boundaryless, Control information, Public spaces","Private spaces, Maintain individual privacy, Public spaces",C,ori_mmlu-business_ethics
"Businesses have _____ within society and have the potential to provide a ____ to society while ____ has the potential to inflict enormous harm on individuals, communities and the environment.","Little power, Small contribution, Business malpractice","Little power, Major contribution, Corporate social responsibility","Huge power, Small contribution, Corporate social responsibility","Huge power, Major contribution, Business malpractice",D,ori_mmlu-business_ethics
According Carroll what four categories or aspects can corporate social responsibility be broken down into?,"Political, Legal, Ethical and Philanthropic","Economic, Legal, Ethical and Philanthropic","Economic, Legal, Cultural and Philanthropic","Economic, Legal, Ethical and Environmental",B,ori_mmlu-business_ethics
"Traditionally consumer rights were based on the notion of _______ or _______ where the responsibility lay with consumer to avoid subpar products. However, this has gradually eroded due to increased ________ at a ________, EU and UN level.","Caveat emptor, Company Responsibility, Informal codes, International","Caveat emptor, Buyer beware, Regulation, National","Cemptor Eaveat, Buyer beware, Regulation, National","Cemptor Eaveat, Company Responsibility, Informal Codes, International",B,ori_mmlu-business_ethics
"According to Mitchell et al (1997) ______, the perceived ability of a stakeholder to influence organisational action, ________ whether the organisation perceives the stakeholder's actions as desirable, proper and appropriate and ________, the immediacy of attention the stakeholder claims require, determine stakeholder ________.","Power, Legitimacy, Salience Urgency","Legitimacy, Urgency, Salience, Power","Power, Legitimacy, Urgency, Salience","Salience, Power, Urgency, Legitimacy",C,ori_mmlu-business_ethics
_______ and _______ are both examples of _______ -based theories which are based on basic universal principles of right and wrong.,"Ethics of duty, Ethics of rights and justice, Principle","Utilitarianism, Egoism, Principle","Ethics of duty, Utilitarianism, Consequentialist","Egoism, Ethics of rights and justice, Consequentialist",A,ori_mmlu-business_ethics
The complexity of the theory.,"1,2,3,4","1,3,4","1,2,3","1,2,4",C,ori_mmlu-business_ethics
" _______, where actors are convinced that their actions harms nobody, _______ where actors argue that their norm violation is an attempt to realize higher-order values and ________ , where actors argue they are owed something, are all strategies for justifying or denying unethical behaviour.","Appeal to higher loyalties, Denial of injury, Metaphor of the ledger","Appeal to higher loyalties, Metaphor of the ledger, Denial of injury","Denial of injury, Appeal to higher loyalties, Metaphor of the ledger","Denial of injury, Metaphor of the ledger, Appeal to higher loyalties,",C,ori_mmlu-business_ethics
Which of the following is not one the underlying principles of the corporate governance Combined Code of Practice?,Openness,Integrity,Availability,Acceptability,D,ori_mmlu-business_ethics
"_____ is a key driving force shaping the current and future state of business ethics, in particular regarding _____, ______ and _____ related issues.","Globalisation, Cultural, Legal, Accountability","Nationalisation, Cultural, Environmental, Accountability","Privatisation, Cultural, Legal, Accountability","Globalisation, Technological, Financial, Accountability",A,ori_mmlu-business_ethics
CSO's frequently spend too much time communicating their performance measures and too much time devising them with input from beneficiaries.,"2,3","1,3","3,4","1,2,3,4",B,ori_mmlu-business_ethics
"Managers are entrusted to run the company in the best interest of ________. Specifically, they have a duty to act for the benefit of the company, as well as a duty of ________ and of _______.","Shareholders, Care and Skill, Diligence","Stakeholder, Care and Skill, Diligence","Shareholders, Self-interest, Diligence","Stakeholders, Care and skill, Self-interest",A,ori_mmlu-business_ethics
Replacing supply chains with _______ enhances the importance of product _______as well as a fundamental redesign of every activity a firm engages in that produces _______.,"Supply loops, Recapture, Waste","Supply loops, Redesign, Profit","Global production networks, Recapture, Waste","Global production networks, Redesign, Profit",A,ori_mmlu-business_ethics
Managers and directors have a fiduciary responsibility to protect the investment of shareholders.,"1,3,4","1,2,3,","1,2,4","2,3,4",A,ori_mmlu-business_ethics
Cultural homogenization.,"1,3,4","1,2,3","1,2,3,4","2,3,4",B,ori_mmlu-business_ethics
Insider trading undermines the fiduciary relationship.,"1,2,3","1,2,4","2,3,4","1,2,3,4",B,ori_mmlu-business_ethics
"There are two main issues associated with _____ sizing. _______ is a key issue as due to the information policy of the corporation it can be argued that employees have a right to know if they are being made redundant. _______ is a second issue, particularly the ________ package that employees receive when laid off.","Down, Involvement, Remuneration, Compensation","Up, Involvement, Autonomy, Compensation","Down, Autonomy, Remuneration, Benefit","Up, Independence, Involvement, Benefit",A,ori_mmlu-business_ethics
_______ locate morality beyond the sphere of rationality in an emotional 'moral impulse' towards others.,Virtue ethics,Ethical egoism,Postmodern ethics,Ethics of duty,C,ori_mmlu-business_ethics
"Under ethical ________ objective moral principles can be rationally determined, while ethical under ________ morality is both context dependant and subjective.","Normativity, Relativism","Absolutism, Relativism","Relativism, Absolutism","Absolutism, Normativity",B,ori_mmlu-business_ethics
" Some of key differences between Islamic finance and conventional finance include - prohibition of charging and paying _______, prohibition on ______ and ______ transactions, prohibition of sinful investment and requirement for all financial products to be backed by __________.","Interest, Certain, Speculative, Intangible assets","Interest, Uncertain, Assured, Intangible assets","Interest, Uncertain, Speculative, Tangible assets","Interest, Certain, Assured, Tangible assets",C,ori_mmlu-business_ethics
"What are, according to Wood (1991), the three outcomes of CSR?","Social policies, Social programmes and Social impacts","Social evaluations, Social programmes and Social impacts","Social policies, Social evidencing and Social impacts","Social policies, Social programmes and Social analysis",A,ori_mmlu-business_ethics
"Businesses engage in social accounting due to demands from _________, in order to identify ________, to improve ___________ and to encourage _________ and ___________","Stakeholders, Risks, Stakeholder management, Accountability, Transparency","Stakeholders, Accountability, Transparency, Risks, Stakeholder Management","Stakeholders, Accountability, Risks, Stakeholders, Stakeholder Management","Stakeholders, Stakeholder Management, Transparency, Risks, Accountability",A,ori_mmlu-business_ethics
Post-modern ethics assert that ethics are context and individual specific and as such have an internal guide to ethics.,"2,3","1,3","1,2,3","1,2",B,ori_mmlu-business_ethics
"The focus on issues, the intended audience extending beyond shareholders and the voluntary nature of ___________ distinguish it from _________.","Financial accounting, Environmental management initiatives","Financial accounting, Social accounting.","Social accounting, Financial accounting.","Annual report publication, Social accounting",C,ori_mmlu-business_ethics
The need to head off negative publicity.,"1,3,4","2,3,4","1,2,3","1,2,3,4",C,ori_mmlu-business_ethics
"The rise in business led, private regulation can be attributed to: encouragement of a _______ approach from industry, _________ and _______ achievement of objectives.","Faster, Cost effectiveness, Slower","Faster, Heightened costs, Slower","Proactive, Cost effectiveness, Faster","Proactive, Heightened costs, Faster",C,ori_mmlu-business_ethics
" The ________ perspective on sustainability resulted from growth models that analysed the carrying capacity of the planet, overall concluding that the finite capacity of the earth and_______, ________ and _______ by current and past generations could reduce quality of life for future generations. This contrasts with the environmental perspective with focuses on the need to maintain and preserve the natural environment.","Economic, Overuse of resources, Overpopulation, Over pollution,","Economic, Underuse of resources, Underpopulation, Unsustainability","Environmental, Underuse of resources, Overpopulation, Over pollution","Environmental, Overuse of resources, Underpopulation, Unsustainability",C,ori_mmlu-business_ethics
They are too irrational and uncodified.,"3,4","1,3","2,3","4,1",B,ori_mmlu-business_ethics
The purposes for which the information is used is in the public's interest.,"1,2","1,3","2,3","1,2,3",A,ori_mmlu-business_ethics
The Private Sector Social Enterprise Model.,"1,2,4","2,3,4","1,2,3,4","1,2,3",D,ori_mmlu-business_ethics
How the code is enforced.,"1,2,3","1,2,4","1,3,4","2,3,4",B,ori_mmlu-business_ethics
"According to Evan and Freeman (1993), the Principle of ________ and the Principle of _______ can be used in a specific situation to determine who constitutes a _______.","Corporate rights, Corporate effect, Stakeholder","Corporate deniability, Corporate effect, Stakeholder","Corporate rights, Corporate responsibility, Stakeholder","Corporate rights, Corporate effect, Shareholder",A,ori_mmlu-business_ethics
"In a business to business context, conflicts of interest can arise in two main ways: conflict of _______ and _______ interests, which might arise, for example, when a firm is hired as a supplier of professional services by another firm or conflict of _________ and ________ interests, such as where an individual's interests may conflict with that of their employer.","Professional, Organizational, Personal, Organizational","Professional, Individual, Personal, Organizational","Individual, Organizational, Organizational, Professional","Individual, Professional, Organizational, Personal",A,ori_mmlu-business_ethics
This is a hierarchy of effects or sequential model used to explain how advertising works:,ADD.,AIDA.,PESTLE.,SWOT.,B,ori_mmlu-marketing
 _____________is an important element in the communication process. It recognizes that successful communications are more likely to be achieved if the source and the receiver understand each other.,The realm of understanding.,Personal selling.,Noise.,Feedback.,A,ori_mmlu-marketing
"In the history of marketing, when did the production period end?",In the late 1800s.,In the early 1900s.,In the 1920s.,After the end of the Second World War.,C,ori_mmlu-marketing
The extent to which a service envelops a product varies according to a number of factors. Which of the following is NOT one of the factors?,The level of tangibility associated with the type of product.,Performance-value.,Variations in supply and demand.,The way in which the service is delivered.,B,ori_mmlu-marketing
"The owners of independent gasoline stations in a community meet secretly and agree to keep their prices high to protect their profitability. If their plan is discovered and they are charged with a crime, they could be",found guilty under the Sherman Antitrust Act and face prison time,found guilty under the Magnuson-Moss Warranty Act and face large fines,found guilty under the Adamson Act and face prison time and fines,found not guilty because retailers are allowed to set their own price levels,A,ori_mmlu-marketing
 An imbalance between a consumer's actual and desired state in which recognition that a gap or problem needs resolving is called:,Motive development.,An attitude.,A self-concept.,Product evaluation.,A,ori_mmlu-marketing
 Which of the following is not an element of the marketing mix?,Promotion.,Product.,Target market.,Pricing.,C,ori_mmlu-marketing
 Providing free samples of perfumes (scent) in magazines is an example of which of the following?,Classical conditioning.,Operant conditioning.,Social learning.,Behavioural learning.,A,ori_mmlu-marketing
" There are three main types of buying situations in an organization, referred to by Robinson, Faris, and Wind (1967) as _____________.",Repeat purchases.,Buyphases.,Buyclasses.,Tenders.,C,ori_mmlu-marketing
 Which of the following are the three broad groups of organizational characteristics segmentation criteria?,"Organizational size, industry type, and gender.","Psychographics, purchaser, and behavioural criteria.","Organizational size, industry type, and geographical location.",None of the above.,C,ori_mmlu-marketing
Which of the following is the name for a coupon that is included in a package for later purchase?,a free-standing coupon,an instant-redemption coupon,a bounce-back coupon,a rebate coupon,C,ori_mmlu-marketing
 Which of the following is the rate at which a market adopts an innovation?,Process of diffusion.,Process of differentiation.,Adoption process.,Adoption lifecycle.,A,ori_mmlu-marketing
" The ____________ delivers to us a wide array of offerings, either directly or indirectly, through business markets, to serve our wants and needs.",Aggregate marketing system.,Planning excellence.,A quality rift.,A value line.,A,ori_mmlu-marketing
" ____________ describes the extrinsic properties of the product (the colour, the packaging, the product consistency, associations) and level to which these satisfy customers' psychological or social needs.",Brand repositioning.,Brand stretching.,Brand equity.,Brand imagery.,D,ori_mmlu-marketing
"AIDA stands for awareness, ________, desire and _________.",Interest; action.,Intensity; appeal.,Involvement; action.,Involvement; appeal.,A,ori_mmlu-marketing
" This is where intermediaries are given exclusive rights to market the good or service within a defined 'territory', thus using a very limited number of intermediaries:",Exclusive.,Intensive.,Selective.,Direct.,A,ori_mmlu-marketing
The role of marketing communications is to engage audiences and there are four main tasks that it can be used to complete. Which of the following is not part of the four main tasks?,Differentiate.,Participate.,Reinforce.,Inform.,B,ori_mmlu-marketing
 Which of the following occurs when competitors' pricing policies are almost exclusively focused on competitors rather than customers?,Price differentiation.,Price fixing.,Price wars.,Price guarantees.,C,ori_mmlu-marketing
" Once referred to as a multibrand policy, this branding strategy requires that each product offered by an organization is branded independently of all the others. This is known as:",Individual branding.,Corporate brands.,Family branding.,Co-branding.,A,ori_mmlu-marketing
Which of the following is the most appropriate pricing strategy to use when introducing a new and unique product to the market?,Price skimming,Promotional pricing,Psychological pricing,Penetration pricing,A,ori_mmlu-marketing
Marketing research:,Is work undertaken to understand how to make specific marketing strategy decisions.,Is the collection and analysis of data from a sample or census of individuals or organizations.,"Includes all forms of market, opinion, and social research such as consumer and industrial surveys.",Is work undertaken to determine either structural characteristics of the industry of concern.,A,ori_mmlu-marketing
____________ is very effective at delivering messages to target audiences as it allows for explanation in a way that most other media cannot.,Digital.,Print.,Broadcast.,Outdoor.,B,ori_mmlu-marketing
" When there is little or no personal contact between customer and service provider, this is classified as:",Low-contact service.,Medium-contact service.,High-contact service.,Intense-contact service.,A,ori_mmlu-marketing
" According to the British Government, which of the following is not a marketing function?",Promote marketing intelligence.,Develop sales tactics.,Develop the customer proposition.,Work with other business functions and third parties.,B,ori_mmlu-marketing
"These goods are bought infrequently, used repeatedly, and involve a reasonably high level of consumer risk:",Impulse goods.,Luxury goods.,Non-durable goods.,Durable goods.,D,ori_mmlu-marketing
"An important characteristic of services is that they are produced and consumed by people, simultaneously, as a single event. One of the outcomes of this unique process is that it is exceedingly difficult to standardize the delivery of services around the blueprint model. Which characteristic of service is this referred to?",Intangibility.,Inseparability.,Variability.,Perishability.,C,ori_mmlu-marketing
" In conducting international market research, there are three types of equivalence. Which of the following is NOT one of the equivalences?",Conceptual equivalence.,Market equivalence.,Functional equivalence.,Translation equivalence.,B,ori_mmlu-marketing
 Which of the following is not a useful base for segmenting organizational characteristics?,By turnover.,By geographical location.,By organizational size.,By industry type.,A,ori_mmlu-marketing
 Our perception of risk is greater if we are continually reminded of it than if we consider it only at the point of purchase. This is referred to as:,Purchase context.,Price bonding.,Odd number pricing.,Mark-up price.,A,ori_mmlu-marketing
 Four competing philosophies strongly influence the role of marketing and marketing activities within an organization. Which if the following is not a component of market orientation?,Customer orientation.,Profitability orientation.,Interfunctional coordination.,Competitor orientation.,B,ori_mmlu-marketing
" To evaluate an organization's Strategic Business Units (SBU), the Boston Consulting Group developed a portfolio performance framework that characterizes some of the SBUs as:",Question marks.,Quick winners.,Charging bulls.,Cash outs.,A,ori_mmlu-marketing
" Pine and Gilmore (1999) derive four distinct realms of experience, based on two dimensions. What are these dimensions?",Customer participation and environmental relationship.,Customer acquisition and environmental relationship.,Customer participation and customer relationship.,Customer retention and customer relationship.,A,ori_mmlu-marketing
"On August 4, a store purchased five sofas invoiced at $7,000, terms 2/10 , n/30 . The invoice was paid August 13. The store paid","$7,140 ","$7,000 ","$6,860 ","$6,300 ",C,ori_mmlu-marketing
 Which of the following are aimed at providing customers with the peace of mind of knowing that the company they are purchasing from is competitive in price?,Price competitiveness.,Price assurance.,Reference prices.,Price guarantee schemes.,D,ori_mmlu-marketing
"A framework categorizes different services, which, in turn, influence the degree to which market offerings can be evaluated, and three main properties are identified:","Search, experiment, and credence properties.","Search, experience, and credence properties.","Sell, trust, and credence properties.","Search, belief, and confidence properties.",B,ori_mmlu-marketing
" Which type of research methods are designed to elicit responses to predetermined, standardized questions from many respondents?",Quantitative.,Qualitative.,Non-probability.,Probability.,A,ori_mmlu-marketing
" In the _________ stage in the adoption process, consumers become aware of the new proposition. They have little information and have yet to develop any particular attitudes towards the product. Indeed, at this stage consumers are not interested in finding out any more information.",Persuasion,Confirmation,Knowledge,Implementation,C,ori_mmlu-marketing
 Which of the following is a type of consumer product bought relatively infrequently and which requires consumers to update their knowledge prior to purchase?,Luxury product.,Shopping product.,Generic products.,Branded products.,B,ori_mmlu-marketing
These are events when groups of sellers meet collectively with the key purpose of attracting buyers:,Exhibitions.,Sales promotions.,Mass media advertising.,Press conference.,A,ori_mmlu-marketing
 These objectives are often the most suitable when firms operate in a market dominated by a major competitor and where their financial resources are limited.,Divest objectives.,Harvest objectives.,Hold objectives.,Niche objectives,D,ori_mmlu-marketing
" Which of the following is the communication model that depicts information flowing via various media channels, to particular types of people, to whom other members of the audience refer for information and guidance?",Two-step.,Three-step.,Multi-step.,One-step.,A,ori_mmlu-marketing
 If an advertisement shows the interior of a train with comfortable seats and plenty of space yet a customer boards a train only to find a lack of space and hard seating. This is an example of:,GAP 4-the gap between service delivery and external communications.,GAP 2-the gap between management perception and service-quality specification,GAP1-the gap between the customer's expectations and management perception.,GAP 3-the gap between service-quality specifications and service delivery.,A,ori_mmlu-marketing
The primary objective of team-based selling is to,match various functional areas of the company with customer needs,distribute the work involved in managing an account,equitably manage the sales bonus pool,create multiple points of contact between the customer and the company,A,ori_mmlu-marketing
" This is a form of targeted advertising, on websites, with advertisements selected and served by automated systems based on the content displayed to the user.",Contextual advertising.,Interactive marketing.,Internet advertising.,Direct marketing.,A,ori_mmlu-marketing
" This is a part of the communication process where the sender selects a combination of appropriate words, pictures, symbols, and music to represent a message to be transmitted:",Encoding.,Decoding.,Transfer.,Feedback.,A,ori_mmlu-marketing
 This approach has been used to convey particular information and help educate large target audiences through television and radio programmes. This approach is referred to as:,Opinion followers.,Opinion formers.,Public relations.,Opinion leaders.,D,ori_mmlu-marketing
" This is where the manufacturing, purchasing, and consumption can occur at differing points in time.",Time utility.,Ownership utility.,Accessibility.,Information utility.,A,ori_mmlu-marketing
Which of the following is the best example of a trade discount?,A lumberyard offers a discount to a homeowner for buying lumber.,A retailer offers a discount to a consumer for buying out of-season merchandise.,A producer offers a discount to retailers for promoting its product during the month of June.,A car dealer offers a discount to a customer in exchange for a used car.,C,ori_mmlu-marketing
" When the analyst reads the data from a critical perspective to determine whether or not this fits with their expectations, this constitutes what is termed a:",Face validity.,Reliability.,Control group.,Focus group.,A,ori_mmlu-marketing
"_________ enable different types of uncertainty to be lowered in several ways (Fill and McKee, 2012). These include reducing the complexity, increasing value and competitive advantage, routinization, and providing specialization.",Warehouse.,Distribution.,Supply chain.,Marketing channels.,D,ori_mmlu-marketing
 Which of the following consumer buying behaviours requires the least effort?,High involvement buying situation.,New buying situation.,Routine buying.,Impulsive buying.,C,ori_mmlu-marketing
 Types of non-random samples include:,Convenience and quota samples.,Cluster and convenience samples.,Stratified and convenience samples.,Random and cluster samples.,A,ori_mmlu-marketing
 These store goods for moderate to long periods:,Storage warehouses.,Distribution centres.,Haulage transport.,Electronic data interchange.,A,ori_mmlu-marketing
Robert is a marketer for a global consumer products company. He is working on the promotional campaign designed to reach a target audience in a new international market. Robert is working hard to make sure that the promotional campaign is clearly understood by the nation's consumers and doesn't offend anyone. By which of the factors in the external environment is he being influenced,Socio-cultural environment.,Competitive environment.,Economic environment.,Legal environment.,A,ori_mmlu-marketing
"This branding policy requires that all the products use the organization's name, either entirely or in part, e.g. Microsoft, Heinz, and Kellogg's",Individual branding.,Family branding.,Corporate brands.,Manufacturer brand.,B,ori_mmlu-marketing
" An organization can offer standard products at acceptable levels of quality, yet still generate above-average profit margin by adopting _____________",Cost leadership.,Differentiation.,Focus strategy.,Market follower strategy.,A,ori_mmlu-marketing
 Which of the following is not an issue that marketers need to consider when using digital resources for marketing activities?,Jurisdiction.,Disclosure.,Ownership.,Permissions.,B,ori_mmlu-marketing
 What type of media helps advertisers demonstrate the benefits of using a particular product and can bring life and energy to an advertiser's message?,Broadcast media.,Interactive media.,Print media.,Support media.,A,ori_mmlu-marketing
This is the sharing of meaning created through the transmission of information:,Communication.,Noise.,Transfer.,Understanding.,A,ori_mmlu-marketing
Services are characterized by five distinct characteristics. These are:,"Intangibility, value, variability, inseparability, and a lack of ownership.","Intangibility, value, variability, inseparability, and profitability.","Intangibility, perishability, variability, inseparability, and a lack of ownership.","Intangibility, value, variability, inseparability, and relationship.",C,ori_mmlu-marketing
A company sells its product at two different prices in two different locations. Which of the following types of research will be most effective in identifying the optimal price for the product if all other marketing factors are held constant?,Descriptive,Exploratory,Ethnographic,Causal,D,ori_mmlu-marketing
"Where the price is set low relative to the competition to gain market share, this strategy is known as:",Premium pricing.,Price skimming.,Economy pricing.,Penetration pricing.,D,ori_mmlu-marketing
"Many retail brands adopt a single umbrella brand, based on the name of the organization. This is referred to as:",Family branding.,Corporate brands.,Individual branding.,Manufacturer brand.,B,ori_mmlu-marketing
"________________reflect a purchaser's high level of involvement in the purchase decision. There is high perceived risk in these decisions so consumers spend a great deal of time, care, and energy searching, formulating, and making the final decision.",Durable goods.,Non-durable goods.,Convenience products.,Services.,A,ori_mmlu-marketing
" During the __________ stage of the adoption process, the innovation is tried for the first time. Sales promotions are often used as samples to allow individuals to test the product without any undue risk. Individuals accept or reject an innovation on the basis of their experience of the trial.",Knowledge.,Implementation.,Persuasion.,Decision.,B,ori_mmlu-marketing
"Once a train pulls out of a station, or an aeroplane takes off or a film starts, those seats are lost and can never be sold. This is referred to as:",Inseparability.,Variability.,Intangibility.,Perishability.,D,ori_mmlu-marketing
 The train operator understands customer desire for a comfortable seat but fails to specify how many should be provided relative to the anticipated number of travellers on each route. This is an example of:,GAP 2-the gap between management perception and service-quality specification.,GAP1-the gap between the customer's expectations and management perception.,GAP 3-the gap between service-quality specifications and service delivery.,GAP 4-the gap between service delivery and external communications.,A,ori_mmlu-marketing
 This is part of the communication process and refers to the responses offered by receivers:,Encoding.,Decoding.,Transfer.,Feedback.,D,ori_mmlu-marketing
 Economic—marketing should encourage long-term economic development as opposed to short-term economic development.,"Ecological, evolutionary, and economic","Ecological, equitable, and economic","Evolutionary, equitable, and economic.","Ecological, equitable, and emerging.",B,ori_mmlu-marketing
 Individuals become completely immersed in their environment and actively participate so that they affect actual performances or occurrences in the environment. This is referred to as:,Educational realm.,Escapist realm.,Aesthetic realm.,Entertainment realm.,B,ori_mmlu-marketing
"A marketing research firm contracts with clients to conduct a complete marketing research project from data collection, analysis, and reporting. It is a__________ firm.",Consultant.,Field agency.,Full-service agency.,Tabulation agency.,C,ori_mmlu-marketing
" With this pricing approach, the pricing process begins with the customer; not the cost of the product offering:",Value-based pricing.,Cost-based pricing.,Customer-led pricing.,Sales pricing.,A,ori_mmlu-marketing
___________ is based on the idea that customer expectations of the service they will receive shape their perception of the actual service encounter.,Service quality.,Service action.,Service recovery.,Service satisfaction.,A,ori_mmlu-marketing
"Conflict between sequential members in a distribution network, such as producers, distributor, and retailers, over such matters as carrying a particular range or price increases is referred to as:",Channel conflict.,Horizontal conflict.,Vertical conflict.,Supply chain conflict.,C,ori_mmlu-marketing
Which of the following is typically not a result of recognizing the importance of ethnic groups by marketers?,Use of an undifferentiated one-size-fits-all marketing strategy.,"Adaptation of the advertising, particularly the use of foreign languages, to the target ethnic market.",Variations in product offerings to suit the wants of a particular group.,Study of ethnic buying habits to isolate market segments.,A,ori_mmlu-marketing
The six dimensions usually considered to constitute the external marketing environment include all of the following except:,Political considerations.,Global factors.,Socio-cultural aspects.,Economics issues.,B,ori_mmlu-marketing
What is the term for a sub-optimal but acceptable outcome of negotiations between parties?,Bargaining,Satisficing,Accepting,Compromising,B,ori_mmlu-management
What is the term for the 'rule of thumb' type of bias in decision making?,Framing bias,Hindsight bias,Over-confidence bias,Heuristics,D,ori_mmlu-management
What is a normative perspective?,The way things are.,The way things are going to be.,The way things should be.,The way things were.,C,ori_mmlu-management
"In the 'five forces model', what is the type of competitive activity that exists between organisations?",The potential for entry into the industry,The threat of substitute products,The power of customers,The level of rivalry,D,ori_mmlu-management
Which one of the following political leaders could not be termed a 'transformational' leader?,Margaret Thatcher,Mikhail Gorbachov,Nelson Mandela,Bill Clinton,D,ori_mmlu-management
Who of the following is the industrial philanthropist?,Frederick Taylor,Seebohm Rowntree,Henry Ford,Max Weber,B,ori_mmlu-management
How can you describe the thinking and outlook of transformational leaders?,Strategic,Operational,Functional,Developmental,A,ori_mmlu-management
What are the key characteristics of transactional leaders?,"Guiding, mentoring and motivating","Guiding, commanding and motivating","Guiding, demonstrating and motivating","Guiding, mentoring and demonstrating",A,ori_mmlu-management
What is not an assumption underpinning the rational decision making model?,Incomplete information,An agreed goal,A structured problem,High level of certainty regarding the environment,A,ori_mmlu-management
What is a paradigm?,A theoretical assumption,An illustration,A theoretical model,An example serving as a model,D,ori_mmlu-management
According to Belbin (1981) an extroverted and enthusiastic person fits with what role?,Co-ordinator,Shaper,Resource investigator,Implementer,C,ori_mmlu-management
Of what is individual freedom to schedule work an example?,Job design,Job enrichment,Job rate,Job planning,B,ori_mmlu-management
As what is ensuring that one individual does not carry the burden of a whole work task referred to?,Work specialisation,Work design,Work schedule,Work shift,A,ori_mmlu-management
How do you describe a work group that comprises workers with demarcated tasks and distant line managers?,Dependent,Independent,Interdependent,Collaborative,B,ori_mmlu-management
Specialisation is a feature of which organisational structure?,Matrix,Divisional,Multi-divisional,Functional,D,ori_mmlu-management
Which one is not an element in the primary activities of a value chain?,Procurement,Inbound logistics,Outbound logistics,Service,A,ori_mmlu-management
By which principle is utilitarianism defined?,Equality for everyone,Maximisation of outcomes for individuals,The best outcome for the majority of people,The least worst outcome for everybody,C,ori_mmlu-management
What type of organisational culture is most likely to deliver stability and efficiency?,Task culture,Role culture,Power culture,People culture,B,ori_mmlu-management
Who of the following is a leading writer on contingency theory of leadership?,Rosabeth Kanter,Joan Woodward,Rensis Likert,Fred Fiedler,D,ori_mmlu-management
What are characteristics of a programmed decision?,Complex and risky,Uncertain and non-routine,Low risk and certain,Routine and non-complex,D,ori_mmlu-management
What is not an advantage of a hierarchical structure?,Clear chain of command,Quick response to change,Discipline and stability,Small span of control,B,ori_mmlu-management
What is the term for the extent to which competition in one country is influenced by competition in other countries?,International trade,Global economics,Global competition,Globalisation,D,ori_mmlu-management
Which of these does not form part of the key streams identified by March (1988) in decision making in highly ambiguous environments?,Expectations,Choice opportunities,Problems,Solutions,A,ori_mmlu-management
What does PEST stand for?,"Political, environmental, strategic, testing","Political, environmental, strategic, technological","Political, economic, strategic, technological","Political, economic, social, technological",D,ori_mmlu-management
What does the acronym SMART stand for?,"Suitable, measurable, actionable, rewarded and timely","Specific, measurable, actionable, resourced and timely","Standardised, measurable, achievable, rewarded, and timely","Specific, measurable, achievable, rewarded and timely",D,ori_mmlu-management
Which writer was concerned with the reaction of workers to key characteristics of bureaucracies?,Merton,Weber,Gouldner,Mayo,C,ori_mmlu-management
What is the optimal span of control?,2,5,7,None of the above,D,ori_mmlu-management
What one of the following is not a characteristic of the job characteristics model?,Task identity,Autonomy,Reward,Feedback,C,ori_mmlu-management
Workers' acceptance of change is characteristic of what type of culture?,Team culture,Collaborative culture,Group culture,Collective culture,B,ori_mmlu-management
From what does a chain of command extend?,Bottom to top,Top to bottom,Diagonally,Laterally,B,ori_mmlu-management
"What do you call a style of leadership that takes account of others' views, opinions and ideas?",Laissez-faire,People-oriented,Democratic,Autocratic,C,ori_mmlu-management
What theory is built around the principle that 'people make choices regarding how to behave based on values and beliefs'?,Expectancy,Instrumental,Classical,Contingency,A,ori_mmlu-management
What is the term for organisational development through a formally designed organisational structure?,Organic,Mechanistic,Formal,Structured,B,ori_mmlu-management
What does situational theory of leadership emphasise?,Personality traits,Events,Environment,Political situation,B,ori_mmlu-management
Enhancement of job satisfaction and productivity are key characteristics of which theoretical perspective of work design?,Process improvement,Techno-structural change model,Job characteristics model,Socio-technical systems,D,ori_mmlu-management
In what order do managers typically perform the managerial functions?,"organising, planning, controlling, leading","organising, leading, planning, controlling","planning, organising, leading, controlling","planning, organising, controlling, leading",C,ori_mmlu-management
How does lateral communication in an organisation occur?,Information passes upwards.,Information passes downwards.,Information is a two-way process.,Information passes between different departments and functions.,D,ori_mmlu-management
What is not a component of an agile organisation?,Market focus and position,Human resources: multi-skilling,Organisational structure,Project-based culture,D,ori_mmlu-management
Vertical integration forwards is when a firm mergers or acquires another,Towards the source of supply,Towards the consumer,At the same stage of the supply chain,In another industry,B,ori_mmlu-management
What is T-group training?,A group whose aim is transformational change,A group brought together to deliver training programmes,Team training for the purposes of advancing technology,Team building activities involving learning,D,ori_mmlu-management
Which of the following is not part of Schein's model of the formation of culture?,Shared values,Pre-conceptions,Shared beliefs,Norms,B,ori_mmlu-management
